-- phpMyAdmin SQL Dump
-- version 5.2.1
-- https://www.phpmyadmin.net/
--
-- Hôte : db
-- Généré le : mar. 30 juil. 2024 à 14:39
-- Version du serveur : 8.0.37
-- Version de PHP : 8.2.8

SET SQL_MODE = "NO_AUTO_VALUE_ON_ZERO";
START TRANSACTION;
SET time_zone = "+00:00";


/*!40101 SET @OLD_CHARACTER_SET_CLIENT=@@CHARACTER_SET_CLIENT */;
/*!40101 SET @OLD_CHARACTER_SET_RESULTS=@@CHARACTER_SET_RESULTS */;
/*!40101 SET @OLD_COLLATION_CONNECTION=@@COLLATION_CONNECTION */;
/*!40101 SET NAMES utf8mb4 */;

--
-- Base de données : `dracostore`
--
CREATE DATABASE IF NOT EXISTS `dracostore` DEFAULT CHARACTER SET utf8mb4 COLLATE utf8mb4_0900_ai_ci;
USE `dracostore`;

-- --------------------------------------------------------

--
-- Structure de la table `category`
--

CREATE TABLE `category` (
  `id_category` int UNSIGNED NOT NULL,
  `category_name` varchar(150) NOT NULL
) ENGINE=InnoDB DEFAULT CHARSET=utf8mb4 COLLATE=utf8mb4_0900_ai_ci;

--
-- Déchargement des données de la table `category`
--

INSERT INTO `category` (`id_category`, `category_name`) VALUES
(1, 'Magique'),
(2, 'Potion'),
(3, 'Arme'),
(4, 'Armure'),
(5, 'Bouclier'),
(6, 'Ingrédient'),
(7, 'Déco'),
(8, 'Services'),
(9, 'Artefact'),
(10, 'Familier'),
(11, 'Vêtement'),
(12, 'Nourriture');

-- --------------------------------------------------------

--
-- Structure de la table `client`
--

CREATE TABLE `client` (
  `id_client` int UNSIGNED NOT NULL,
  `lastname` varchar(50) NOT NULL,
  `firstname` varchar(50) NOT NULL,
  `email` varchar(150) NOT NULL
) ENGINE=InnoDB DEFAULT CHARSET=utf8mb4 COLLATE=utf8mb4_0900_ai_ci;

--
-- Déchargement des données de la table `client`
--

INSERT INTO `client` (`id_client`, `lastname`, `firstname`, `email`) VALUES
(1, 'Clients sans compte', '', ''),
(2, 'Rakes', 'Lucrèce', 'erakes1@ovh.net'),
(3, 'Firebrace', 'Maï', 'tfirebrace2@bloglines.com'),
(4, 'Harriday', 'Johnny', 'tharriday3@zimbio.com'),
(5, 'Smitheman', 'Wá', 'msmitheman4@tumblr.com'),
(6, 'Kinton', 'Réjane', 'gkinton5@sun.com'),
(7, 'Lawlee', 'Kuí', 'glawlee6@unicef.org'),
(8, 'Lammenga', 'Ráo', 'elammenga7@cdbaby.com'),
(9, 'Chawkley', 'Lauréna', 'mchawkley8@xinhuanet.com'),
(10, 'Wagon', 'Réjane', 'kwagon9@nytimes.com'),
(11, 'Grayshan', 'Nadège', 'agrayshana@newsvine.com'),
(12, 'Sharvill', 'Gaétane', 'msharvillb@statcounter.com'),
(13, 'Coda', 'Uò', 'pcodac@vistaprint.com'),
(14, 'Egentan', 'Eléa', 'eegentand@shutterfly.com'),
(15, 'Endricci', 'Renée', 'dendriccie@hud.gov'),
(16, 'Whistlecraft', 'Mélanie', 'bwhistlecraftf@ed.gov'),
(17, 'Banasik', 'Séréna', 'wbanasikg@redcross.org'),
(18, 'Pirri', 'Aí', 'rpirrih@ox.ac.uk'),
(19, 'Christiensen', 'Marie-françoise', 'achristienseni@blogger.com'),
(20, 'Roomes', 'Kévina', 'sroomesj@exblog.jp'),
(21, 'Pennington', 'Loïs', 'gpenningtonk@dion.ne.jp'),
(22, 'Gohier', 'Liè', 'ggohierl@apple.com'),
(23, 'Raoult', 'Céline', 'graoultm@arstechnica.com'),
(24, 'Kerswill', 'Maïwenn', 'ckerswilln@miitbeian.gov.cn'),
(25, 'Jayes', 'Alizée', 'cjayeso@ow.ly'),
(26, 'Sooley', 'Håkan', 'isooleyp@ning.com'),
(27, 'Oherlihy', 'André', 'koherlihyq@studiopress.com'),
(28, 'Ashforth', 'Zhì', 'gashforthr@arizona.edu'),
(29, 'Townson', 'Geneviève', 'stownsons@163.com'),
(30, 'Barradell', 'Loïca', 'rbarradellt@pen.io'),
(31, 'Filintsev', 'Fèi', 'wfilintsevu@eepurl.com'),
(32, 'Waddams', 'Aí', 'jwaddamsv@flickr.com'),
(33, 'Keeton', 'Andréa', 'ekeetonw@xrea.com'),
(34, 'Whisson', 'Miléna', 'ewhissonx@cafepress.com'),
(35, 'Hatley', 'Mélinda', 'khatleyy@hexun.com'),
(36, 'Truwert', 'Magdalène', 'atruwertz@google.com'),
(37, 'Christon', 'Géraldine', 'mchriston10@marketwatch.com'),
(38, 'Dryden', 'Régine', 'sdryden11@usnews.com'),
(39, 'Palay', 'Bérangère', 'hpalay12@elegantthemes.com'),
(40, 'Vennings', 'Séréna', 'uvennings13@sitemeter.com'),
(41, 'Donohoe', 'Régine', 'cdonohoe14@ning.com'),
(42, 'Pabst', 'André', 'jpabst15@paginegialle.it'),
(43, 'Kinny', 'Rachèle', 'kkinny16@bloglines.com'),
(44, 'Kaindl', 'Aí', 'skaindl17@pen.io'),
(45, 'Ferro', 'Océane', 'pferro18@hibu.com'),
(46, 'Ivy', 'Göran', 'kivy19@google.com.hk'),
(47, 'Wareing', 'Marlène', 'pwareing1a@aboutads.info'),
(48, 'Grey', 'Måns', 'cgrey1b@apple.com'),
(49, 'Bonanno', 'Annotée', 'lbonanno1c@walmart.com'),
(50, 'Cuolahan', 'Maëlann', 'jcuolahan1d@usgs.gov'),
(51, 'Beadnell', 'Personnalisée', 'pbeadnell1e@wunderground.com'),
(52, 'Willgoss', 'Bérénice', 'mwillgoss1f@google.com.br'),
(53, 'Stiller', 'Maïlys', 'wstiller1g@time.com'),
(54, 'Alejandri', 'Lucrèce', 'dalejandri1h@theguardian.com'),
(55, 'Dagg', 'Célestine', 'ndagg1i@zimbio.com'),
(56, 'Sudworth', 'Illustrée', 'vsudworth1j@shop-pro.jp'),
(57, 'Mix', 'Uò', 'mmix1k@msu.edu'),
(58, 'Pearson', 'Lóng', 'lpearson1l@gmpg.org'),
(59, 'Roberti', 'Maëlyss', 'rroberti1m@pcworld.com'),
(60, 'Blann', 'Maëly', 'rblann1n@netscape.com'),
(61, 'Abbot', 'Réjane', 'habbot1o@oaic.gov.au'),
(62, 'Ronaldson', 'Mélina', 'kronaldson1p@sourceforge.net'),
(63, 'Pallant', 'Naéva', 'npallant1q@newsvine.com'),
(64, 'Ellwood', 'Marylène', 'jellwood1r@pbs.org'),
(65, 'Chapelhow', 'Angèle', 'echapelhow1s@nymag.com'),
(66, 'Sellan', 'Célestine', 'rsellan1t@fastcompany.com'),
(67, 'Trowle', 'Gaëlle', 'ktrowle1u@booking.com'),
(68, 'Raisbeck', 'Mén', 'mraisbeck1v@infoseek.co.jp'),
(69, 'O\'Sherin', 'Publicité', 'oosherin1w@domainmarket.com'),
(70, 'Daniells', 'Kù', 'zdaniells1x@storify.com'),
(71, 'Hairsnape', 'Publicité', 'khairsnape1y@earthlink.net'),
(72, 'Tofano', 'Léone', 'ctofano1z@eepurl.com'),
(73, 'Lygo', 'Dà', 'hlygo20@domainmarket.com'),
(74, 'Rosenwasser', 'Fèi', 'prosenwasser21@house.gov'),
(75, 'Santora', 'Geneviève', 'tsantora22@jalbum.net'),
(76, 'Zapata', 'Simplifiés', 'nzapata23@ow.ly'),
(77, 'Lattin', 'Göran', 'tlattin24@gravatar.com'),
(78, 'Guyonneau', 'Björn', 'sguyonneau25@canalblog.com'),
(79, 'Loynes', 'André', 'hloynes26@senate.gov'),
(80, 'Damsell', 'Daphnée', 'fdamsell27@dyndns.org'),
(81, 'Casoni', 'Marie-thérèse', 'tcasoni28@liveinternet.ru'),
(82, 'Muzzi', 'Mélia', 'nmuzzi29@tripod.com'),
(83, 'Culp', 'Séverine', 'wculp2a@noaa.gov'),
(84, 'Barras', 'Björn', 'tbarras2b@aboutads.info'),
(85, 'Foulis', 'Dorothée', 'lfoulis2c@vistaprint.com'),
(86, 'Leinweber', 'Chloé', 'bleinweber2d@dedecms.com'),
(87, 'Messenger', 'Crééz', 'fmessenger2e@meetup.com'),
(88, 'McBlain', 'Dafnée', 'gmcblain2f@jugem.jp'),
(89, 'Erskin', 'Lài', 'serskin2g@com.com'),
(90, 'Tran', 'Kévina', 'jtran2h@mysql.com'),
(91, 'Lideard', 'Eléa', 'wlideard2i@jalbum.net'),
(92, 'MacCawley', 'Céline', 'gmaccawley2j@opensource.org'),
(93, 'Nuschke', 'Göran', 'mnuschke2k@sitemeter.com'),
(94, 'Darrow', 'Lèi', 'zdarrow2l@geocities.com'),
(95, 'Ida', 'Lài', 'mida2m@nasa.gov'),
(96, 'Middiff', 'Tú', 'umiddiff2n@oaic.gov.au'),
(97, 'Petera', 'Léonore', 'epetera2o@ebay.co.uk'),
(98, 'Greenroyd', 'Bécassine', 'cgreenroyd2p@addtoany.com'),
(99, 'Overstall', 'Sòng', 'boverstall2q@skyrock.com'),
(100, 'Johannesson', 'Méline', 'ejohannesson2r@ftc.gov'),
(101, 'Chatwood', 'Andrée', 'uchatwood2s@squidoo.com'),
(102, 'Matthis', 'Camélia', 'smatthis2t@google.nl'),
(103, 'Brawley', 'Camélia', 'tbrawley2u@amazonaws.com'),
(104, 'Fowler', 'Andréa', 'kfowler2v@amazon.co.uk'),
(105, 'Aked', 'Anaëlle', 'gaked2w@de.vu'),
(106, 'Kenderdine', 'Clémence', 'ckenderdine2x@gravatar.com'),
(107, 'Cessford', 'Marlène', 'mcessford2y@gmpg.org'),
(108, 'Keatley', 'Yáo', 'jkeatley2z@fda.gov'),
(109, 'Drakers', 'Eliès', 'gdrakers30@hugedomains.com'),
(110, 'Stribling', 'Frédérique', 'mstribling31@digg.com'),
(111, 'Kynston', 'Dafnée', 'vkynston32@gravatar.com'),
(112, 'Sharrock', 'Magdalène', 'csharrock33@cocolog-nifty.com'),
(113, 'Mugford', 'Táng', 'cmugford34@reddit.com'),
(114, 'Childes', 'Yú', 'wchildes35@bigcartel.com'),
(115, 'Stathor', 'Intéressant', 'mstathor36@apple.com'),
(116, 'Marchington', 'Maïlis', 'mmarchington37@unblog.fr'),
(117, 'Kean', 'Anaïs', 'wkean38@acquirethisname.com'),
(118, 'Dignan', 'Estève', 'sdignan39@cbc.ca'),
(119, 'Eloy', 'Nélie', 'beloy3a@psu.edu'),
(120, 'Yablsley', 'Maëly', 'nyablsley3b@paypal.com'),
(121, 'Swarbrigg', 'Vénus', 'kswarbrigg3c@last.fm'),
(122, 'Sambrok', 'Kallisté', 'asambrok3d@seesaa.net'),
(123, 'Swenson', 'Naéva', 'rswenson3e@ebay.com'),
(124, 'Ferraro', 'Kù', 'bferraro3f@spotify.com'),
(125, 'Ixor', 'Mélanie', 'mixor3g@scientificamerican.com'),
(126, 'Morris', 'Maëly', 'bmorris3h@arizona.edu'),
(127, 'Henderson', 'Amélie', 'hhenderson3i@bbc.co.uk'),
(128, 'Rapps', 'Lài', 'krapps3j@umich.edu'),
(129, 'Shilstone', 'Médiamass', 'dshilstone3k@163.com'),
(130, 'Delve', 'Françoise', 'bdelve3l@odnoklassniki.ru'),
(131, 'Yakubovich', 'Börje', 'cyakubovich3m@reverbnation.com'),
(132, 'Wraith', 'Fèi', 'ewraith3n@github.io'),
(133, 'Nawton', 'Mårten', 'mnawton3o@netvibes.com'),
(134, 'Westberg', 'Léonie', 'mwestberg3p@hao123.com'),
(135, 'Gerckens', 'Léone', 'dgerckens3q@google.de'),
(136, 'Jeannon', 'Eugénie', 'ijeannon3r@twitpic.com'),
(137, 'Rubinivitz', 'Thérèsa', 'arubinivitz3s@google.co.uk'),
(138, 'Christensen', 'Anaël', 'achristensen3t@eventbrite.com'),
(139, 'Imms', 'Léana', 'dimms3u@creativecommons.org'),
(140, 'Buckeridge', 'Béatrice', 'nbuckeridge3v@t.co'),
(141, 'Berridge', 'Marylène', 'lberridge3w@list-manage.com'),
(142, 'Dunphy', 'Zoé', 'adunphy3x@cocolog-nifty.com'),
(143, 'Heistermann', 'Maïwenn', 'mheistermann3y@cpanel.net'),
(144, 'Kuhndel', 'Ruì', 'jkuhndel3z@ebay.com'),
(145, 'Reisenberg', 'Dà', 'kreisenberg40@paypal.com'),
(146, 'Bemment', 'Lèi', 'tbemment41@ustream.tv'),
(147, 'Hauck', 'Cécilia', 'uhauck42@reuters.com'),
(148, 'Haslegrave', 'Yóu', 'ahaslegrave43@ucsd.edu'),
(149, 'Durdle', 'Laïla', 'ddurdle44@plala.or.jp'),
(150, 'Smales', 'Crééz', 'msmales45@utexas.edu'),
(151, 'Nugent', 'Alizée', 'dnugent46@vinaora.com'),
(152, 'Dunlop', 'Méng', 'sdunlop47@archive.org'),
(153, 'Blonden', 'Edmée', 'fblonden48@e-recht24.de'),
(154, 'Moncreiffe', 'Östen', 'amoncreiffe49@redcross.org'),
(155, 'Counter', 'Táng', 'ccounter4a@nytimes.com'),
(156, 'Hagston', 'Gaétane', 'ahagston4b@reuters.com'),
(157, 'Vinden', 'Torbjörn', 'kvinden4c@163.com'),
(158, 'Hayman', 'Judicaël', 'dhayman4d@simplemachines.org'),
(159, 'Columbine', 'Bérénice', 'rcolumbine4e@blogger.com'),
(160, 'Mattingley', 'Ophélie', 'lmattingley4f@tiny.cc'),
(161, 'Dumper', 'Maéna', 'adumper4g@eepurl.com'),
(162, 'Laverock', 'Célia', 'glaverock4h@hud.gov'),
(163, 'Housby', 'Styrbjörn', 'rhousby4i@skyrock.com'),
(164, 'Castri', 'Maëlle', 'ocastri4j@skyrock.com'),
(165, 'Leger', 'Cléa', 'rleger4k@zdnet.com'),
(166, 'Burchnall', 'Léane', 'hburchnall4l@shinystat.com'),
(167, 'Brosnan', 'Lèi', 'jbrosnan4m@cdc.gov'),
(168, 'Churchlow', 'Geneviève', 'dchurchlow4n@geocities.jp'),
(169, 'Lesor', 'Laïla', 'vlesor4o@devhub.com'),
(170, 'Huglin', 'Ruò', 'dhuglin4p@hatena.ne.jp'),
(171, 'Knaggs', 'Liè', 'bknaggs4q@mediafire.com'),
(172, 'Perigoe', 'Marie-noël', 'kperigoe4r@adobe.com'),
(173, 'O\'Devey', 'Méng', 'codevey4s@google.co.jp'),
(174, 'Fransinelli', 'Inès', 'dfransinelli4t@myspace.com'),
(175, 'Dockwra', 'Estée', 'udockwra4u@theatlantic.com'),
(176, 'Hadley', 'Åke', 'rhadley4v@oracle.com'),
(177, 'Bosket', 'Yáo', 'rbosket4w@artisteer.com'),
(178, 'Aitchinson', 'Inès', 'kaitchinson4x@artisteer.com'),
(179, 'Petrie', 'Gaïa', 'cpetrie4y@youtube.com'),
(180, 'Alcido', 'Françoise', 'ralcido4z@netlog.com'),
(181, 'Gammill', 'Maïwenn', 'ngammill50@people.com.cn'),
(182, 'Chatband', 'Néhémie', 'mchatband51@de.vu'),
(183, 'Dohmann', 'Maïlys', 'cdohmann52@discuz.net'),
(184, 'Sebring', 'Méthode', 'dsebring53@narod.ru'),
(185, 'Mangon', 'Pélagie', 'wmangon54@1und1.de'),
(186, 'Enticott', 'Personnalisée', 'nenticott55@cmu.edu'),
(187, 'Wain', 'Solène', 'twain56@bloglines.com'),
(188, 'Larvent', 'Gaïa', 'clarvent57@rakuten.co.jp'),
(189, 'McAuliffe', 'Cléa', 'vmcauliffe58@sciencedirect.com'),
(190, 'Breewood', 'Gaétane', 'cbreewood59@mac.com'),
(191, 'Jentet', 'Nadège', 'rjentet5a@theatlantic.com'),
(192, 'Bram', 'Béatrice', 'ebram5b@fotki.com'),
(193, 'Lober', 'Lóng', 'klober5c@cisco.com'),
(194, 'Pesek', 'Styrbjörn', 'npesek5d@china.com.cn'),
(195, 'Wones', 'Torbjörn', 'awones5e@timesonline.co.uk'),
(196, 'Wase', 'Andréanne', 'cwase5f@prnewswire.com'),
(197, 'Peyto', 'Lèi', 'speyto5g@webeden.co.uk'),
(198, 'Rake', 'Thérèsa', 'zrake5h@baidu.com'),
(199, 'Roughsedge', 'Maëlyss', 'groughsedge5i@stanford.edu'),
(200, 'Bernaldez', 'Maïlys', 'ubernaldez5j@slashdot.org'),
(201, 'Bernardelli', 'Célia', 'gbernardelli5k@huffingtonpost.com'),
(202, 'Velte', 'Örjan', 'rvelte5l@about.com'),
(203, 'Denekamp', 'Léone', 'tdenekamp5m@java.com'),
(204, 'Yetts', 'Dafnée', 'cyetts5n@fc2.com'),
(205, 'McCollum', 'Kévina', 'hmccollum5o@utexas.edu'),
(206, 'Rzehorz', 'Stéphanie', 'drzehorz5p@shutterfly.com'),
(207, 'Rimmer', 'Bécassine', 'brimmer5q@123-reg.co.uk'),
(208, 'Spittall', 'Sòng', 'kspittall5r@admin.ch'),
(209, 'McCulley', 'Séréna', 'omcculley5s@yolasite.com'),
(210, 'Smalman', 'Bécassine', 'esmalman5t@skyrock.com'),
(211, 'Petticrew', 'Liè', 'jpetticrew5u@clickbank.net'),
(212, 'McGurgan', 'Cléopatre', 'lmcgurgan5v@studiopress.com'),
(213, 'Ewert', 'Dà', 'eewert5w@umn.edu'),
(214, 'Farrow', 'Yáo', 'ofarrow5x@admin.ch'),
(215, 'Colebourne', 'Hélène', 'pcolebourne5y@reddit.com'),
(216, 'Buttery', 'Pélagie', 'ebuttery5z@51.la'),
(217, 'McUre', 'Frédérique', 'gmcure60@cocolog-nifty.com'),
(218, 'Clampe', 'Andréanne', 'hclampe61@cbslocal.com'),
(219, 'Richardt', 'Eugénie', 'prichardt62@economist.com'),
(220, 'Neame', 'Pénélope', 'rneame63@hexun.com'),
(221, 'Aspden', 'Valérie', 'gaspden64@elpais.com'),
(222, 'Phear', 'Gaétane', 'jphear65@spiegel.de'),
(223, 'Thirst', 'Estève', 'cthirst66@icio.us'),
(224, 'Spino', 'Magdalène', 'gspino67@csmonitor.com'),
(225, 'Obispo', 'Chloé', 'eobispo68@facebook.com'),
(226, 'Brittin', 'Geneviève', 'dbrittin69@joomla.org'),
(227, 'Meadowcroft', 'Béatrice', 'gmeadowcroft6a@dmoz.org'),
(228, 'Guilloud', 'Styrbjörn', 'eguilloud6b@phpbb.com'),
(229, 'Braznell', 'Angélique', 'sbraznell6c@arstechnica.com'),
(230, 'Vanderson', 'Maëline', 'jvanderson6d@delicious.com'),
(231, 'Grahl', 'Marie-thérèse', 'mgrahl6e@hc360.com'),
(232, 'Woodyatt', 'Anaël', 'jwoodyatt6f@amazon.de'),
(233, 'Yanshonok', 'Lorène', 'tyanshonok6g@weather.com'),
(234, 'Randerson', 'Clélia', 'nranderson6h@hatena.ne.jp'),
(235, 'Longstreet', 'Ruò', 'mlongstreet6i@icq.com'),
(236, 'Damiral', 'Alizée', 'edamiral6j@reverbnation.com'),
(237, 'Beeho', 'Ruì', 'rbeeho6k@bizjournals.com'),
(238, 'Peterffy', 'Personnalisée', 'tpeterffy6l@jigsy.com'),
(239, 'Goathrop', 'Hélèna', 'hgoathrop6m@networkadvertising.org'),
(240, 'Manthorpe', 'Gaïa', 'imanthorpe6n@timesonline.co.uk'),
(241, 'Bellee', 'Anaé', 'bbellee6o@multiply.com'),
(242, 'Keenleyside', 'Naëlle', 'rkeenleyside6p@state.tx.us'),
(243, 'Castiglioni', 'Miléna', 'lcastiglioni6q@myspace.com'),
(244, 'Stollenbeck', 'Anaëlle', 'jstollenbeck6r@cnn.com'),
(245, 'Jardin', 'Cinéma', 'djardin6s@moonfruit.com'),
(246, 'Ferronel', 'Åsa', 'jferronel6t@pbs.org'),
(247, 'Ackroyd', 'Clémentine', 'mackroyd6u@discovery.com'),
(248, 'Rumford', 'Lauréna', 'crumford6v@godaddy.com'),
(249, 'Uc', 'Vérane', 'kuc6w@smh.com.au'),
(250, 'Caulder', 'Léa', 'dcaulder6x@wordpress.org');

-- --------------------------------------------------------

--
-- Structure de la table `product`
--

CREATE TABLE `product` (
  `id_product` int UNSIGNED NOT NULL,
  `stock` int NOT NULL,
  `product_name` varchar(150) DEFAULT NULL,
  `price` decimal(15,1) NOT NULL,
  `id_tax` int UNSIGNED NOT NULL DEFAULT '1',
  `id_category` int UNSIGNED DEFAULT NULL,
  `image_url` varchar(255) NOT NULL
) ENGINE=InnoDB DEFAULT CHARSET=utf8mb4 COLLATE=utf8mb4_0900_ai_ci;

--
-- Déchargement des données de la table `product`
--

INSERT INTO `product` (`id_product`, `stock`, `product_name`, `price`, `id_tax`, `id_category`, `image_url`) VALUES
(13, 12, 'Porte-Clé Gourdin', 11.1, 1, 7, 'gourdin.webp'),
(14, 42, 'Slip Elfique', 0.3, 1, 11, 'slip-pour-david.webp'),
(15, 7, 'Potion de visibilité', 1.0, 1, 2, 'potion-visibilite.webp'),
(16, 49, 'Bile de Goule', 1.5, 1, 6, 'bile-goule.webp'),
(17, 2, 'Épée émoussée', 32.3, 1, 3, 'epee.webp'),
(18, 15, 'Bouclier Biscuit', 25.5, 1, 5, 'shield-biscuit.webp'),
(19, 8, 'Gallinule de compagnie', 8.0, 1, 10, 'gallinule.webp'),
(20, 11, 'Gnôle Allume-Dragon', 1.5, 1, 12, 'gnole.webp'),
(21, 4, 'Élixir de Vie', 16.2, 1, 2, 'elixir-vie.webp'),
(22, 78, 'Parchemin de Boule de Feu', 2.3, 1, 1, 'scroll.webp'),
(23, 1, 'Amulette de résurrection', 122.0, 1, 9, 'amulette.webp'),
(24, 51, 'Photo dédicacée de Sieur David le Hardi', 81.3, 1, 9, 'lord-david.webp');

-- --------------------------------------------------------

--
-- Structure de la table `reward`
--

CREATE TABLE `reward` (
  `id_reward` int UNSIGNED NOT NULL,
  `reward_name` varchar(150) NOT NULL
) ENGINE=InnoDB DEFAULT CHARSET=utf8mb4 COLLATE=utf8mb4_0900_ai_ci;

--
-- Déchargement des données de la table `reward`
--

INSERT INTO `reward` (`id_reward`, `reward_name`) VALUES
(1, 'Porte-clés à tête vaudou');

-- --------------------------------------------------------

--
-- Structure de la table `sales`
--

CREATE TABLE `sales` (
  `id_product` int UNSIGNED NOT NULL,
  `id_ticket` int UNSIGNED NOT NULL,
  `quantity` int UNSIGNED NOT NULL
) ENGINE=InnoDB DEFAULT CHARSET=utf8mb4 COLLATE=utf8mb4_0900_ai_ci;

--
-- Déchargement des données de la table `sales`
--

INSERT INTO `sales` (`id_product`, `id_ticket`, `quantity`) VALUES
(13, 238, 5),
(14, 276, 5),
(15, 923, 10),
(16, 729, 1),
(17, 974, 7),
(18, 413, 4),
(19, 43, 10),
(20, 394, 7),
(21, 287, 6),
(22, 210, 6),
(23, 325, 1),
(24, 173, 9);

-- --------------------------------------------------------

--
-- Structure de la table `seller`
--

CREATE TABLE `seller` (
  `id_seller` int UNSIGNED NOT NULL,
  `seller_name` varchar(50) NOT NULL,
  `password` varchar(255) NOT NULL
) ENGINE=InnoDB DEFAULT CHARSET=utf8mb4 COLLATE=utf8mb4_0900_ai_ci;

--
-- Déchargement des données de la table `seller`
--

INSERT INTO `seller` (`id_seller`, `seller_name`, `password`) VALUES
(1, 'Alaric Stormbringer', '$2y$10$2eT3YVqqEMMvhn0Lkc00EuCcBGt3JXOvx/q/YsyRdxzi/LSKrQ/Ya');

-- --------------------------------------------------------

--
-- Structure de la table `tax`
--

CREATE TABLE `tax` (
  `id_tax` int UNSIGNED NOT NULL,
  `percentage` tinyint NOT NULL
) ENGINE=InnoDB DEFAULT CHARSET=utf8mb4 COLLATE=utf8mb4_0900_ai_ci;

--
-- Déchargement des données de la table `tax`
--

INSERT INTO `tax` (`id_tax`, `percentage`) VALUES
(1, 13);

-- --------------------------------------------------------

--
-- Structure de la table `ticket`
--

CREATE TABLE `ticket` (
  `id_ticket` int UNSIGNED NOT NULL,
  `ticket_date` datetime NOT NULL,
  `id_seller` int UNSIGNED NOT NULL DEFAULT '1',
  `id_reward` int UNSIGNED NOT NULL DEFAULT '1',
  `id_client` int UNSIGNED DEFAULT '1'
) ENGINE=InnoDB DEFAULT CHARSET=utf8mb4 COLLATE=utf8mb4_0900_ai_ci;

--
-- Déchargement des données de la table `ticket`
--

INSERT INTO `ticket` (`id_ticket`, `ticket_date`, `id_seller`, `id_reward`, `id_client`) VALUES
(1, '2022-11-10 00:00:00', 1, 1, 49),
(2, '2016-04-11 00:00:00', 1, 1, 219),
(3, '2016-01-26 00:00:00', 1, 1, 140),
(4, '2020-03-27 00:00:00', 1, 1, 74),
(5, '2019-06-28 00:00:00', 1, 1, 179),
(6, '2017-11-25 00:00:00', 1, 1, 224),
(7, '2020-07-18 00:00:00', 1, 1, 21),
(8, '2017-08-14 00:00:00', 1, 1, 140),
(9, '2018-02-11 00:00:00', 1, 1, 151),
(10, '2018-03-02 00:00:00', 1, 1, 85),
(11, '2019-03-26 00:00:00', 1, 1, 60),
(12, '2022-06-08 00:00:00', 1, 1, 225),
(13, '2018-03-12 00:00:00', 1, 1, 105),
(14, '2020-10-19 00:00:00', 1, 1, 101),
(15, '2016-01-12 00:00:00', 1, 1, 79),
(16, '2016-02-02 00:00:00', 1, 1, 236),
(17, '2015-09-29 00:00:00', 1, 1, 217),
(18, '2015-07-16 00:00:00', 1, 1, 168),
(19, '2021-02-17 00:00:00', 1, 1, 194),
(20, '2017-05-30 00:00:00', 1, 1, 111),
(21, '2015-12-31 00:00:00', 1, 1, 104),
(22, '2016-07-31 00:00:00', 1, 1, 24),
(23, '2021-02-25 00:00:00', 1, 1, 179),
(24, '2024-02-20 00:00:00', 1, 1, 205),
(25, '2016-08-24 00:00:00', 1, 1, 162),
(26, '2022-11-05 00:00:00', 1, 1, 63),
(27, '2016-11-08 00:00:00', 1, 1, 229),
(28, '2020-10-11 00:00:00', 1, 1, 108),
(29, '2021-05-25 00:00:00', 1, 1, 162),
(30, '2016-07-02 00:00:00', 1, 1, 244),
(31, '2018-11-03 00:00:00', 1, 1, 94),
(32, '2017-01-18 00:00:00', 1, 1, 177),
(33, '2018-05-05 00:00:00', 1, 1, 36),
(34, '2022-07-04 00:00:00', 1, 1, 5),
(35, '2020-02-02 00:00:00', 1, 1, 171),
(36, '2022-04-29 00:00:00', 1, 1, 99),
(37, '2019-08-11 00:00:00', 1, 1, 78),
(38, '2022-09-21 00:00:00', 1, 1, 201),
(39, '2021-04-21 00:00:00', 1, 1, 85),
(40, '2017-12-17 00:00:00', 1, 1, 117),
(41, '2017-02-22 00:00:00', 1, 1, 101),
(42, '2017-05-30 00:00:00', 1, 1, 108),
(43, '2015-06-16 00:00:00', 1, 1, 79),
(44, '2021-05-05 00:00:00', 1, 1, 203),
(45, '2021-04-18 00:00:00', 1, 1, 244),
(46, '2018-04-17 00:00:00', 1, 1, 96),
(47, '2019-06-25 00:00:00', 1, 1, 202),
(48, '2020-05-21 00:00:00', 1, 1, 116),
(49, '2020-06-24 00:00:00', 1, 1, 135),
(50, '2023-06-02 00:00:00', 1, 1, 159),
(51, '2021-02-15 00:00:00', 1, 1, 48),
(52, '2019-05-04 00:00:00', 1, 1, 51),
(53, '2022-06-17 00:00:00', 1, 1, 249),
(54, '2015-08-13 00:00:00', 1, 1, 66),
(55, '2019-09-13 00:00:00', 1, 1, 5),
(56, '2023-10-21 00:00:00', 1, 1, 182),
(57, '2019-11-18 00:00:00', 1, 1, 6),
(58, '2018-05-21 00:00:00', 1, 1, 179),
(59, '2016-08-27 00:00:00', 1, 1, 165),
(60, '2020-08-27 00:00:00', 1, 1, 183),
(61, '2023-06-12 00:00:00', 1, 1, 59),
(62, '2018-12-23 00:00:00', 1, 1, 94),
(63, '2023-01-18 00:00:00', 1, 1, 130),
(64, '2016-04-30 00:00:00', 1, 1, 16),
(65, '2022-01-22 00:00:00', 1, 1, 99),
(66, '2015-09-20 00:00:00', 1, 1, 143),
(67, '2019-07-03 00:00:00', 1, 1, 157),
(68, '2022-01-17 00:00:00', 1, 1, 102),
(69, '2021-03-07 00:00:00', 1, 1, 184),
(70, '2022-06-15 00:00:00', 1, 1, 130),
(71, '2017-04-24 00:00:00', 1, 1, 156),
(72, '2022-10-22 00:00:00', 1, 1, 141),
(73, '2018-04-23 00:00:00', 1, 1, 117),
(74, '2019-04-02 00:00:00', 1, 1, 205),
(75, '2024-03-14 00:00:00', 1, 1, 243),
(76, '2023-01-27 00:00:00', 1, 1, 67),
(77, '2022-03-12 00:00:00', 1, 1, 86),
(78, '2016-01-18 00:00:00', 1, 1, 51),
(79, '2022-03-05 00:00:00', 1, 1, 109),
(80, '2015-09-19 00:00:00', 1, 1, 211),
(81, '2018-09-28 00:00:00', 1, 1, 48),
(82, '2023-07-16 00:00:00', 1, 1, 143),
(83, '2021-02-05 00:00:00', 1, 1, 104),
(84, '2022-03-13 00:00:00', 1, 1, 57),
(85, '2021-11-08 00:00:00', 1, 1, 199),
(86, '2018-02-10 00:00:00', 1, 1, 13),
(87, '2017-12-11 00:00:00', 1, 1, 13),
(88, '2018-06-09 00:00:00', 1, 1, 96),
(89, '2023-07-13 00:00:00', 1, 1, 77),
(90, '2019-08-06 00:00:00', 1, 1, 108),
(91, '2019-12-19 00:00:00', 1, 1, 198),
(92, '2020-05-06 00:00:00', 1, 1, 34),
(93, '2016-01-02 00:00:00', 1, 1, 167),
(94, '2017-05-13 00:00:00', 1, 1, 229),
(95, '2023-10-14 00:00:00', 1, 1, 42),
(96, '2021-10-29 00:00:00', 1, 1, 232),
(97, '2016-10-20 00:00:00', 1, 1, 6),
(98, '2018-12-11 00:00:00', 1, 1, 65),
(99, '2023-08-27 00:00:00', 1, 1, 38),
(100, '2016-07-12 00:00:00', 1, 1, 171),
(101, '2022-03-24 00:00:00', 1, 1, 219),
(102, '2024-05-13 00:00:00', 1, 1, 39),
(103, '2015-11-15 00:00:00', 1, 1, 242),
(104, '2017-08-13 00:00:00', 1, 1, 215),
(105, '2019-04-21 00:00:00', 1, 1, 60),
(106, '2019-08-17 00:00:00', 1, 1, 144),
(107, '2019-09-27 00:00:00', 1, 1, 70),
(108, '2018-07-16 00:00:00', 1, 1, 56),
(109, '2023-07-28 00:00:00', 1, 1, 114),
(110, '2015-09-25 00:00:00', 1, 1, 140),
(111, '2024-04-09 00:00:00', 1, 1, 90),
(112, '2024-06-17 00:00:00', 1, 1, 113),
(113, '2015-11-27 00:00:00', 1, 1, 238),
(114, '2020-09-28 00:00:00', 1, 1, 209),
(115, '2018-09-16 00:00:00', 1, 1, 250),
(116, '2017-01-31 00:00:00', 1, 1, 217),
(117, '2022-10-17 00:00:00', 1, 1, 212),
(118, '2017-10-09 00:00:00', 1, 1, 42),
(119, '2021-07-08 00:00:00', 1, 1, 123),
(120, '2017-04-24 00:00:00', 1, 1, 216),
(121, '2016-05-02 00:00:00', 1, 1, 129),
(122, '2016-08-22 00:00:00', 1, 1, 14),
(123, '2019-06-26 00:00:00', 1, 1, 98),
(124, '2016-09-20 00:00:00', 1, 1, 84),
(125, '2021-12-17 00:00:00', 1, 1, 160),
(126, '2022-10-30 00:00:00', 1, 1, 194),
(127, '2023-04-12 00:00:00', 1, 1, 207),
(128, '2023-01-17 00:00:00', 1, 1, 181),
(129, '2023-02-15 00:00:00', 1, 1, 171),
(130, '2021-03-15 00:00:00', 1, 1, 164),
(131, '2021-02-15 00:00:00', 1, 1, 124),
(132, '2020-02-26 00:00:00', 1, 1, 121),
(133, '2018-03-15 00:00:00', 1, 1, 133),
(134, '2023-09-19 00:00:00', 1, 1, 135),
(135, '2018-12-30 00:00:00', 1, 1, 84),
(136, '2016-03-11 00:00:00', 1, 1, 79),
(137, '2019-01-11 00:00:00', 1, 1, 50),
(138, '2023-09-18 00:00:00', 1, 1, 135),
(139, '2023-11-10 00:00:00', 1, 1, 206),
(140, '2018-09-07 00:00:00', 1, 1, 18),
(141, '2018-05-16 00:00:00', 1, 1, 248),
(142, '2017-03-29 00:00:00', 1, 1, 122),
(143, '2015-11-01 00:00:00', 1, 1, 32),
(144, '2019-03-31 00:00:00', 1, 1, 7),
(145, '2022-07-30 00:00:00', 1, 1, 79),
(146, '2015-08-24 00:00:00', 1, 1, 218),
(147, '2020-11-22 00:00:00', 1, 1, 244),
(148, '2017-08-27 00:00:00', 1, 1, 211),
(149, '2023-12-14 00:00:00', 1, 1, 217),
(150, '2015-12-09 00:00:00', 1, 1, 193),
(151, '2019-01-24 00:00:00', 1, 1, 20),
(152, '2022-08-29 00:00:00', 1, 1, 33),
(153, '2023-03-10 00:00:00', 1, 1, 225),
(154, '2015-09-14 00:00:00', 1, 1, 3),
(155, '2022-01-27 00:00:00', 1, 1, 107),
(156, '2023-03-06 00:00:00', 1, 1, 111),
(157, '2021-02-23 00:00:00', 1, 1, 148),
(158, '2015-12-24 00:00:00', 1, 1, 72),
(159, '2015-09-10 00:00:00', 1, 1, 187),
(160, '2017-08-15 00:00:00', 1, 1, 131),
(161, '2023-08-24 00:00:00', 1, 1, 186),
(162, '2023-12-01 00:00:00', 1, 1, 195),
(163, '2020-07-01 00:00:00', 1, 1, 76),
(164, '2020-04-28 00:00:00', 1, 1, 71),
(165, '2015-08-14 00:00:00', 1, 1, 206),
(166, '2022-03-14 00:00:00', 1, 1, 218),
(167, '2021-07-13 00:00:00', 1, 1, 248),
(168, '2021-03-31 00:00:00', 1, 1, 100),
(169, '2017-08-03 00:00:00', 1, 1, 233),
(170, '2020-05-16 00:00:00', 1, 1, 39),
(171, '2018-10-07 00:00:00', 1, 1, 250),
(172, '2019-04-03 00:00:00', 1, 1, 107),
(173, '2019-05-16 00:00:00', 1, 1, 65),
(174, '2020-01-02 00:00:00', 1, 1, 46),
(175, '2022-12-07 00:00:00', 1, 1, 248),
(176, '2017-10-23 00:00:00', 1, 1, 11),
(177, '2020-06-03 00:00:00', 1, 1, 71),
(178, '2024-05-16 00:00:00', 1, 1, 32),
(179, '2015-12-19 00:00:00', 1, 1, 221),
(180, '2021-03-17 00:00:00', 1, 1, 209),
(181, '2016-05-20 00:00:00', 1, 1, 79),
(182, '2018-01-06 00:00:00', 1, 1, 169),
(183, '2020-12-27 00:00:00', 1, 1, 104),
(184, '2019-10-28 00:00:00', 1, 1, 241),
(185, '2018-05-19 00:00:00', 1, 1, 59),
(186, '2016-08-24 00:00:00', 1, 1, 162),
(187, '2017-09-05 00:00:00', 1, 1, 124),
(188, '2019-02-21 00:00:00', 1, 1, 218),
(189, '2015-06-03 00:00:00', 1, 1, 57),
(190, '2017-12-13 00:00:00', 1, 1, 204),
(191, '2018-06-11 00:00:00', 1, 1, 46),
(192, '2023-01-18 00:00:00', 1, 1, 249),
(193, '2015-08-28 00:00:00', 1, 1, 30),
(194, '2015-12-22 00:00:00', 1, 1, 223),
(195, '2020-05-27 00:00:00', 1, 1, 226),
(196, '2018-01-17 00:00:00', 1, 1, 38),
(197, '2018-03-19 00:00:00', 1, 1, 74),
(198, '2022-06-08 00:00:00', 1, 1, 38),
(199, '2016-12-31 00:00:00', 1, 1, 64),
(200, '2023-06-27 00:00:00', 1, 1, 5),
(201, '2023-05-20 00:00:00', 1, 1, 165),
(202, '2022-12-05 00:00:00', 1, 1, 4),
(203, '2018-08-22 00:00:00', 1, 1, 46),
(204, '2021-03-15 00:00:00', 1, 1, 184),
(205, '2018-03-06 00:00:00', 1, 1, 118),
(206, '2023-12-01 00:00:00', 1, 1, 83),
(207, '2018-11-13 00:00:00', 1, 1, 240),
(208, '2020-10-26 00:00:00', 1, 1, 18),
(209, '2021-02-25 00:00:00', 1, 1, 61),
(210, '2023-03-11 00:00:00', 1, 1, 68),
(211, '2020-02-15 00:00:00', 1, 1, 1),
(212, '2016-04-19 00:00:00', 1, 1, 198),
(213, '2017-10-04 00:00:00', 1, 1, 71),
(214, '2015-09-28 00:00:00', 1, 1, 250),
(215, '2022-08-19 00:00:00', 1, 1, 146),
(216, '2021-04-13 00:00:00', 1, 1, 198),
(217, '2024-05-04 00:00:00', 1, 1, 200),
(218, '2022-09-30 00:00:00', 1, 1, 126),
(219, '2024-05-01 00:00:00', 1, 1, 96),
(220, '2024-01-18 00:00:00', 1, 1, 148),
(221, '2015-07-21 00:00:00', 1, 1, 109),
(222, '2018-08-25 00:00:00', 1, 1, 125),
(223, '2020-11-01 00:00:00', 1, 1, 116),
(224, '2015-11-07 00:00:00', 1, 1, 50),
(225, '2017-03-29 00:00:00', 1, 1, 164),
(226, '2020-03-20 00:00:00', 1, 1, 67),
(227, '2019-04-12 00:00:00', 1, 1, 101),
(228, '2020-04-19 00:00:00', 1, 1, 230),
(229, '2017-06-09 00:00:00', 1, 1, 170),
(230, '2024-01-01 00:00:00', 1, 1, 72),
(231, '2019-11-20 00:00:00', 1, 1, 33),
(232, '2022-12-07 00:00:00', 1, 1, 92),
(233, '2017-07-21 00:00:00', 1, 1, 188),
(234, '2016-07-17 00:00:00', 1, 1, 151),
(235, '2016-05-27 00:00:00', 1, 1, 158),
(236, '2021-02-09 00:00:00', 1, 1, 10),
(237, '2022-06-30 00:00:00', 1, 1, 19),
(238, '2023-11-17 00:00:00', 1, 1, 82),
(239, '2022-08-01 00:00:00', 1, 1, 193),
(240, '2019-05-09 00:00:00', 1, 1, 109),
(241, '2021-05-17 00:00:00', 1, 1, 157),
(242, '2018-05-13 00:00:00', 1, 1, 17),
(243, '2021-09-17 00:00:00', 1, 1, 82),
(244, '2019-06-01 00:00:00', 1, 1, 43),
(245, '2019-08-18 00:00:00', 1, 1, 174),
(246, '2017-06-12 00:00:00', 1, 1, 239),
(247, '2016-06-27 00:00:00', 1, 1, 88),
(248, '2019-08-30 00:00:00', 1, 1, 4),
(249, '2016-10-02 00:00:00', 1, 1, 62),
(250, '2022-08-26 00:00:00', 1, 1, 117),
(251, '2018-12-10 00:00:00', 1, 1, 138),
(252, '2018-03-03 00:00:00', 1, 1, 219),
(253, '2024-02-07 00:00:00', 1, 1, 101),
(254, '2017-09-21 00:00:00', 1, 1, 90),
(255, '2017-12-18 00:00:00', 1, 1, 196),
(256, '2024-03-23 00:00:00', 1, 1, 244),
(257, '2023-09-02 00:00:00', 1, 1, 75),
(258, '2015-06-07 00:00:00', 1, 1, 231),
(259, '2021-03-05 00:00:00', 1, 1, 162),
(260, '2017-10-10 00:00:00', 1, 1, 201),
(261, '2019-02-22 00:00:00', 1, 1, 84),
(262, '2022-03-29 00:00:00', 1, 1, 231),
(263, '2021-06-10 00:00:00', 1, 1, 52),
(264, '2020-01-17 00:00:00', 1, 1, 118),
(265, '2019-12-02 00:00:00', 1, 1, 126),
(266, '2015-12-19 00:00:00', 1, 1, 65),
(267, '2022-03-16 00:00:00', 1, 1, 190),
(268, '2020-09-22 00:00:00', 1, 1, 248),
(269, '2018-03-02 00:00:00', 1, 1, 138),
(270, '2016-02-04 00:00:00', 1, 1, 109),
(271, '2015-08-05 00:00:00', 1, 1, 170),
(272, '2016-04-02 00:00:00', 1, 1, 231),
(273, '2020-10-23 00:00:00', 1, 1, 223),
(274, '2021-07-15 00:00:00', 1, 1, 197),
(275, '2024-06-13 00:00:00', 1, 1, 181),
(276, '2020-08-16 00:00:00', 1, 1, 219),
(277, '2017-09-01 00:00:00', 1, 1, 171),
(278, '2021-07-19 00:00:00', 1, 1, 91),
(279, '2021-02-22 00:00:00', 1, 1, 132),
(280, '2019-03-31 00:00:00', 1, 1, 100),
(281, '2016-05-16 00:00:00', 1, 1, 136),
(282, '2017-07-23 00:00:00', 1, 1, 125),
(283, '2022-04-26 00:00:00', 1, 1, 140),
(284, '2017-06-10 00:00:00', 1, 1, 226),
(285, '2021-11-04 00:00:00', 1, 1, 60),
(286, '2019-02-05 00:00:00', 1, 1, 75),
(287, '2019-07-02 00:00:00', 1, 1, 62),
(288, '2021-06-12 00:00:00', 1, 1, 189),
(289, '2020-11-15 00:00:00', 1, 1, 129),
(290, '2017-11-08 00:00:00', 1, 1, 202),
(291, '2023-08-17 00:00:00', 1, 1, 40),
(292, '2019-01-02 00:00:00', 1, 1, 75),
(293, '2023-06-13 00:00:00', 1, 1, 206),
(294, '2015-11-19 00:00:00', 1, 1, 126),
(295, '2017-04-04 00:00:00', 1, 1, 241),
(296, '2015-08-10 00:00:00', 1, 1, 165),
(297, '2022-08-30 00:00:00', 1, 1, 215),
(298, '2023-10-11 00:00:00', 1, 1, 19),
(299, '2019-03-08 00:00:00', 1, 1, 22),
(300, '2023-11-26 00:00:00', 1, 1, 29),
(301, '2018-11-17 00:00:00', 1, 1, 190),
(302, '2021-09-16 00:00:00', 1, 1, 230),
(303, '2019-06-23 00:00:00', 1, 1, 132),
(304, '2023-02-04 00:00:00', 1, 1, 40),
(305, '2016-04-09 00:00:00', 1, 1, 127),
(306, '2021-10-09 00:00:00', 1, 1, 209),
(307, '2023-09-27 00:00:00', 1, 1, 122),
(308, '2023-05-14 00:00:00', 1, 1, 5),
(309, '2024-05-16 00:00:00', 1, 1, 216),
(310, '2017-09-02 00:00:00', 1, 1, 69),
(311, '2016-12-28 00:00:00', 1, 1, 88),
(312, '2018-08-16 00:00:00', 1, 1, 223),
(313, '2022-08-21 00:00:00', 1, 1, 11),
(314, '2017-02-11 00:00:00', 1, 1, 18),
(315, '2019-03-28 00:00:00', 1, 1, 136),
(316, '2020-01-23 00:00:00', 1, 1, 136),
(317, '2015-09-12 00:00:00', 1, 1, 4),
(318, '2021-10-02 00:00:00', 1, 1, 172),
(319, '2015-12-04 00:00:00', 1, 1, 71),
(320, '2021-08-03 00:00:00', 1, 1, 94),
(321, '2019-11-18 00:00:00', 1, 1, 14),
(322, '2017-09-22 00:00:00', 1, 1, 183),
(323, '2017-01-07 00:00:00', 1, 1, 134),
(324, '2015-06-30 00:00:00', 1, 1, 114),
(325, '2017-11-07 00:00:00', 1, 1, 223),
(326, '2021-11-23 00:00:00', 1, 1, 128),
(327, '2018-12-13 00:00:00', 1, 1, 144),
(328, '2016-02-26 00:00:00', 1, 1, 81),
(329, '2019-11-04 00:00:00', 1, 1, 89),
(330, '2016-06-18 00:00:00', 1, 1, 30),
(331, '2017-11-18 00:00:00', 1, 1, 141),
(332, '2022-03-07 00:00:00', 1, 1, 185),
(333, '2024-04-03 00:00:00', 1, 1, 104),
(334, '2022-12-20 00:00:00', 1, 1, 88),
(335, '2023-11-23 00:00:00', 1, 1, 125),
(336, '2023-08-31 00:00:00', 1, 1, 25),
(337, '2023-01-10 00:00:00', 1, 1, 8),
(338, '2016-04-09 00:00:00', 1, 1, 70),
(339, '2021-11-30 00:00:00', 1, 1, 129),
(340, '2017-02-10 00:00:00', 1, 1, 173),
(341, '2020-06-30 00:00:00', 1, 1, 225),
(342, '2021-11-20 00:00:00', 1, 1, 243),
(343, '2016-06-29 00:00:00', 1, 1, 223),
(344, '2022-06-22 00:00:00', 1, 1, 17),
(345, '2016-07-11 00:00:00', 1, 1, 44),
(346, '2015-07-08 00:00:00', 1, 1, 48),
(347, '2016-05-31 00:00:00', 1, 1, 170),
(348, '2017-01-01 00:00:00', 1, 1, 12),
(349, '2016-10-05 00:00:00', 1, 1, 71),
(350, '2020-08-29 00:00:00', 1, 1, 122),
(351, '2021-09-15 00:00:00', 1, 1, 151),
(352, '2016-12-08 00:00:00', 1, 1, 84),
(353, '2018-10-07 00:00:00', 1, 1, 197),
(354, '2021-10-15 00:00:00', 1, 1, 241),
(355, '2021-09-27 00:00:00', 1, 1, 202),
(356, '2023-02-18 00:00:00', 1, 1, 83),
(357, '2022-08-16 00:00:00', 1, 1, 49),
(358, '2018-09-22 00:00:00', 1, 1, 147),
(359, '2016-02-12 00:00:00', 1, 1, 14),
(360, '2017-12-25 00:00:00', 1, 1, 31),
(361, '2017-07-21 00:00:00', 1, 1, 207),
(362, '2015-10-11 00:00:00', 1, 1, 94),
(363, '2015-09-06 00:00:00', 1, 1, 167),
(364, '2015-08-08 00:00:00', 1, 1, 216),
(365, '2021-10-16 00:00:00', 1, 1, 245),
(366, '2019-05-18 00:00:00', 1, 1, 46),
(367, '2015-09-15 00:00:00', 1, 1, 187),
(368, '2017-06-05 00:00:00', 1, 1, 115),
(369, '2019-12-17 00:00:00', 1, 1, 36),
(370, '2021-06-10 00:00:00', 1, 1, 69),
(371, '2021-11-11 00:00:00', 1, 1, 242),
(372, '2022-05-02 00:00:00', 1, 1, 250),
(373, '2015-11-01 00:00:00', 1, 1, 48),
(374, '2022-08-26 00:00:00', 1, 1, 172),
(375, '2016-04-21 00:00:00', 1, 1, 88),
(376, '2024-01-19 00:00:00', 1, 1, 173),
(377, '2022-06-13 00:00:00', 1, 1, 97),
(378, '2018-06-12 00:00:00', 1, 1, 204),
(379, '2016-07-06 00:00:00', 1, 1, 223),
(380, '2017-08-06 00:00:00', 1, 1, 125),
(381, '2015-12-25 00:00:00', 1, 1, 194),
(382, '2024-05-24 00:00:00', 1, 1, 124),
(383, '2021-07-26 00:00:00', 1, 1, 180),
(384, '2021-08-03 00:00:00', 1, 1, 248),
(385, '2023-09-06 00:00:00', 1, 1, 40),
(386, '2019-10-17 00:00:00', 1, 1, 100),
(387, '2020-01-26 00:00:00', 1, 1, 195),
(388, '2019-04-28 00:00:00', 1, 1, 38),
(389, '2020-11-25 00:00:00', 1, 1, 240),
(390, '2023-12-29 00:00:00', 1, 1, 106),
(391, '2023-02-12 00:00:00', 1, 1, 48),
(392, '2022-06-26 00:00:00', 1, 1, 146),
(393, '2017-10-10 00:00:00', 1, 1, 188),
(394, '2017-08-21 00:00:00', 1, 1, 91),
(395, '2022-08-28 00:00:00', 1, 1, 77),
(396, '2022-06-10 00:00:00', 1, 1, 155),
(397, '2017-11-07 00:00:00', 1, 1, 89),
(398, '2024-05-21 00:00:00', 1, 1, 25),
(399, '2024-03-17 00:00:00', 1, 1, 76),
(400, '2023-07-26 00:00:00', 1, 1, 31),
(401, '2020-11-17 00:00:00', 1, 1, 203),
(402, '2021-08-02 00:00:00', 1, 1, 55),
(403, '2020-01-16 00:00:00', 1, 1, 156),
(404, '2020-01-08 00:00:00', 1, 1, 247),
(405, '2018-06-22 00:00:00', 1, 1, 211),
(406, '2015-11-25 00:00:00', 1, 1, 195),
(407, '2023-05-03 00:00:00', 1, 1, 31),
(408, '2019-01-03 00:00:00', 1, 1, 147),
(409, '2017-09-02 00:00:00', 1, 1, 76),
(410, '2023-07-11 00:00:00', 1, 1, 103),
(411, '2023-05-01 00:00:00', 1, 1, 223),
(412, '2016-05-07 00:00:00', 1, 1, 235),
(413, '2022-04-10 00:00:00', 1, 1, 106),
(414, '2019-04-11 00:00:00', 1, 1, 246),
(415, '2016-03-31 00:00:00', 1, 1, 103),
(416, '2016-06-13 00:00:00', 1, 1, 102),
(417, '2024-02-18 00:00:00', 1, 1, 142),
(418, '2020-07-01 00:00:00', 1, 1, 146),
(419, '2015-06-12 00:00:00', 1, 1, 226),
(420, '2017-03-24 00:00:00', 1, 1, 229),
(421, '2018-11-13 00:00:00', 1, 1, 167),
(422, '2022-04-22 00:00:00', 1, 1, 247),
(423, '2016-08-29 00:00:00', 1, 1, 212),
(424, '2016-08-25 00:00:00', 1, 1, 146),
(425, '2022-11-07 00:00:00', 1, 1, 240),
(426, '2016-01-25 00:00:00', 1, 1, 34),
(427, '2018-02-19 00:00:00', 1, 1, 8),
(428, '2017-03-14 00:00:00', 1, 1, 16),
(429, '2015-12-15 00:00:00', 1, 1, 108),
(430, '2020-09-01 00:00:00', 1, 1, 157),
(431, '2016-08-07 00:00:00', 1, 1, 127),
(432, '2023-09-05 00:00:00', 1, 1, 57),
(433, '2018-06-06 00:00:00', 1, 1, 113),
(434, '2016-11-17 00:00:00', 1, 1, 120),
(435, '2023-03-30 00:00:00', 1, 1, 9),
(436, '2019-08-04 00:00:00', 1, 1, 178),
(437, '2019-01-01 00:00:00', 1, 1, 185),
(438, '2023-09-03 00:00:00', 1, 1, 203),
(439, '2018-03-19 00:00:00', 1, 1, 78),
(440, '2021-09-17 00:00:00', 1, 1, 117),
(441, '2015-12-07 00:00:00', 1, 1, 94),
(442, '2017-04-26 00:00:00', 1, 1, 110),
(443, '2020-09-01 00:00:00', 1, 1, 144),
(444, '2018-08-21 00:00:00', 1, 1, 226),
(445, '2015-07-07 00:00:00', 1, 1, 71),
(446, '2024-07-20 00:00:00', 1, 1, 124),
(447, '2018-03-08 00:00:00', 1, 1, 52),
(448, '2016-12-22 00:00:00', 1, 1, 165),
(449, '2018-08-24 00:00:00', 1, 1, 6),
(450, '2018-01-31 00:00:00', 1, 1, 71),
(451, '2023-04-01 00:00:00', 1, 1, 90),
(452, '2019-01-02 00:00:00', 1, 1, 112),
(453, '2022-03-01 00:00:00', 1, 1, 14),
(454, '2015-11-24 00:00:00', 1, 1, 153),
(455, '2017-04-25 00:00:00', 1, 1, 144),
(456, '2021-11-23 00:00:00', 1, 1, 197),
(457, '2020-03-12 00:00:00', 1, 1, 239),
(458, '2017-03-28 00:00:00', 1, 1, 105),
(459, '2017-09-05 00:00:00', 1, 1, 209),
(460, '2019-10-04 00:00:00', 1, 1, 151),
(461, '2023-04-11 00:00:00', 1, 1, 200),
(462, '2016-07-09 00:00:00', 1, 1, 133),
(463, '2015-06-06 00:00:00', 1, 1, 231),
(464, '2023-05-07 00:00:00', 1, 1, 155),
(465, '2017-01-06 00:00:00', 1, 1, 17),
(466, '2021-05-10 00:00:00', 1, 1, 74),
(467, '2022-03-30 00:00:00', 1, 1, 18),
(468, '2019-04-26 00:00:00', 1, 1, 151),
(469, '2016-07-23 00:00:00', 1, 1, 139),
(470, '2020-12-22 00:00:00', 1, 1, 64),
(471, '2022-01-26 00:00:00', 1, 1, 96),
(472, '2015-12-05 00:00:00', 1, 1, 167),
(473, '2023-10-28 00:00:00', 1, 1, 149),
(474, '2020-12-21 00:00:00', 1, 1, 72),
(475, '2020-03-04 00:00:00', 1, 1, 176),
(476, '2016-07-05 00:00:00', 1, 1, 198),
(477, '2023-08-27 00:00:00', 1, 1, 180),
(478, '2022-01-12 00:00:00', 1, 1, 18),
(479, '2020-04-01 00:00:00', 1, 1, 125),
(480, '2020-09-24 00:00:00', 1, 1, 105),
(481, '2018-05-12 00:00:00', 1, 1, 218),
(482, '2022-08-23 00:00:00', 1, 1, 236),
(483, '2023-02-20 00:00:00', 1, 1, 80),
(484, '2017-03-30 00:00:00', 1, 1, 235),
(485, '2023-12-10 00:00:00', 1, 1, 58),
(486, '2017-12-18 00:00:00', 1, 1, 155),
(487, '2024-03-31 00:00:00', 1, 1, 65),
(488, '2024-02-28 00:00:00', 1, 1, 194),
(489, '2015-06-07 00:00:00', 1, 1, 71),
(490, '2015-07-29 00:00:00', 1, 1, 198),
(491, '2016-08-18 00:00:00', 1, 1, 9),
(492, '2015-10-21 00:00:00', 1, 1, 227),
(493, '2017-07-03 00:00:00', 1, 1, 68),
(494, '2020-02-01 00:00:00', 1, 1, 115),
(495, '2016-08-13 00:00:00', 1, 1, 165),
(496, '2016-06-17 00:00:00', 1, 1, 73),
(497, '2021-10-30 00:00:00', 1, 1, 150),
(498, '2023-04-05 00:00:00', 1, 1, 72),
(499, '2019-03-28 00:00:00', 1, 1, 75),
(500, '2023-11-18 00:00:00', 1, 1, 102),
(501, '2015-07-05 00:00:00', 1, 1, 239),
(502, '2022-03-08 00:00:00', 1, 1, 66),
(503, '2022-08-18 00:00:00', 1, 1, 15),
(504, '2015-09-28 00:00:00', 1, 1, 64),
(505, '2020-01-24 00:00:00', 1, 1, 200),
(506, '2024-03-26 00:00:00', 1, 1, 59),
(507, '2024-06-21 00:00:00', 1, 1, 227),
(508, '2020-02-27 00:00:00', 1, 1, 170),
(509, '2015-11-16 00:00:00', 1, 1, 78),
(510, '2023-12-01 00:00:00', 1, 1, 225),
(511, '2020-05-22 00:00:00', 1, 1, 249),
(512, '2016-02-27 00:00:00', 1, 1, 201),
(513, '2015-12-06 00:00:00', 1, 1, 2),
(514, '2023-08-01 00:00:00', 1, 1, 25),
(515, '2020-02-11 00:00:00', 1, 1, 22),
(516, '2018-04-26 00:00:00', 1, 1, 91),
(517, '2019-10-15 00:00:00', 1, 1, 104),
(518, '2021-09-01 00:00:00', 1, 1, 192),
(519, '2019-04-06 00:00:00', 1, 1, 77),
(520, '2024-02-25 00:00:00', 1, 1, 81),
(521, '2021-05-08 00:00:00', 1, 1, 215),
(522, '2016-04-10 00:00:00', 1, 1, 12),
(523, '2024-02-05 00:00:00', 1, 1, 187),
(524, '2021-06-23 00:00:00', 1, 1, 67),
(525, '2018-08-27 00:00:00', 1, 1, 57),
(526, '2019-07-21 00:00:00', 1, 1, 213),
(527, '2017-12-11 00:00:00', 1, 1, 218),
(528, '2016-02-19 00:00:00', 1, 1, 27),
(529, '2023-06-02 00:00:00', 1, 1, 112),
(530, '2020-05-17 00:00:00', 1, 1, 158),
(531, '2019-11-01 00:00:00', 1, 1, 194),
(532, '2022-03-06 00:00:00', 1, 1, 184),
(533, '2016-04-18 00:00:00', 1, 1, 79),
(534, '2024-03-12 00:00:00', 1, 1, 26),
(535, '2022-06-24 00:00:00', 1, 1, 235),
(536, '2021-10-25 00:00:00', 1, 1, 186),
(537, '2023-02-19 00:00:00', 1, 1, 162),
(538, '2015-06-09 00:00:00', 1, 1, 201),
(539, '2023-02-24 00:00:00', 1, 1, 218),
(540, '2017-03-14 00:00:00', 1, 1, 245),
(541, '2024-02-20 00:00:00', 1, 1, 64),
(542, '2015-10-01 00:00:00', 1, 1, 48),
(543, '2024-01-21 00:00:00', 1, 1, 11),
(544, '2020-12-23 00:00:00', 1, 1, 51),
(545, '2015-12-22 00:00:00', 1, 1, 106),
(546, '2021-02-14 00:00:00', 1, 1, 110),
(547, '2021-04-08 00:00:00', 1, 1, 157),
(548, '2024-01-30 00:00:00', 1, 1, 67),
(549, '2019-10-07 00:00:00', 1, 1, 177),
(550, '2019-07-23 00:00:00', 1, 1, 206),
(551, '2018-05-04 00:00:00', 1, 1, 159),
(552, '2017-07-27 00:00:00', 1, 1, 133),
(553, '2022-03-03 00:00:00', 1, 1, 246),
(554, '2015-08-01 00:00:00', 1, 1, 125),
(555, '2020-04-09 00:00:00', 1, 1, 229),
(556, '2023-05-04 00:00:00', 1, 1, 14),
(557, '2016-02-27 00:00:00', 1, 1, 166),
(558, '2019-09-05 00:00:00', 1, 1, 168),
(559, '2016-02-05 00:00:00', 1, 1, 201),
(560, '2023-07-20 00:00:00', 1, 1, 83),
(561, '2023-08-04 00:00:00', 1, 1, 235),
(562, '2017-01-20 00:00:00', 1, 1, 219),
(563, '2018-10-20 00:00:00', 1, 1, 67),
(564, '2019-06-02 00:00:00', 1, 1, 67),
(565, '2018-10-20 00:00:00', 1, 1, 50),
(566, '2017-06-30 00:00:00', 1, 1, 153),
(567, '2015-09-15 00:00:00', 1, 1, 189),
(568, '2019-06-27 00:00:00', 1, 1, 158),
(569, '2020-01-28 00:00:00', 1, 1, 99),
(570, '2018-02-04 00:00:00', 1, 1, 211),
(571, '2021-01-20 00:00:00', 1, 1, 171),
(572, '2020-02-16 00:00:00', 1, 1, 165),
(573, '2017-08-31 00:00:00', 1, 1, 76),
(574, '2017-06-10 00:00:00', 1, 1, 131),
(575, '2019-03-15 00:00:00', 1, 1, 17),
(576, '2020-09-07 00:00:00', 1, 1, 140),
(577, '2021-02-13 00:00:00', 1, 1, 56),
(578, '2024-06-07 00:00:00', 1, 1, 86),
(579, '2015-06-17 00:00:00', 1, 1, 233),
(580, '2018-05-01 00:00:00', 1, 1, 46),
(581, '2016-10-18 00:00:00', 1, 1, 227),
(582, '2017-02-02 00:00:00', 1, 1, 139),
(583, '2021-02-21 00:00:00', 1, 1, 128),
(584, '2022-12-25 00:00:00', 1, 1, 231),
(585, '2022-09-18 00:00:00', 1, 1, 15),
(586, '2020-02-28 00:00:00', 1, 1, 198),
(587, '2015-09-11 00:00:00', 1, 1, 217),
(588, '2022-04-20 00:00:00', 1, 1, 234),
(589, '2019-05-27 00:00:00', 1, 1, 87),
(590, '2022-07-01 00:00:00', 1, 1, 107),
(591, '2018-03-05 00:00:00', 1, 1, 134),
(592, '2021-10-01 00:00:00', 1, 1, 1),
(593, '2016-09-13 00:00:00', 1, 1, 111),
(594, '2022-09-03 00:00:00', 1, 1, 207),
(595, '2016-12-07 00:00:00', 1, 1, 145),
(596, '2018-12-14 00:00:00', 1, 1, 212),
(597, '2018-11-23 00:00:00', 1, 1, 73),
(598, '2022-10-23 00:00:00', 1, 1, 75),
(599, '2019-08-08 00:00:00', 1, 1, 152),
(600, '2019-08-25 00:00:00', 1, 1, 43),
(601, '2016-05-03 00:00:00', 1, 1, 146),
(602, '2024-06-21 00:00:00', 1, 1, 75),
(603, '2017-04-18 00:00:00', 1, 1, 126),
(604, '2017-02-02 00:00:00', 1, 1, 152),
(605, '2015-06-26 00:00:00', 1, 1, 81),
(606, '2019-03-26 00:00:00', 1, 1, 247),
(607, '2018-08-03 00:00:00', 1, 1, 184),
(608, '2023-06-22 00:00:00', 1, 1, 225),
(609, '2018-10-10 00:00:00', 1, 1, 110),
(610, '2022-10-12 00:00:00', 1, 1, 107),
(611, '2016-09-23 00:00:00', 1, 1, 72),
(612, '2022-02-12 00:00:00', 1, 1, 236),
(613, '2020-02-02 00:00:00', 1, 1, 80),
(614, '2021-12-14 00:00:00', 1, 1, 79),
(615, '2023-06-09 00:00:00', 1, 1, 202),
(616, '2019-04-11 00:00:00', 1, 1, 140),
(617, '2018-07-03 00:00:00', 1, 1, 178),
(618, '2016-09-09 00:00:00', 1, 1, 158),
(619, '2022-10-26 00:00:00', 1, 1, 170),
(620, '2016-09-04 00:00:00', 1, 1, 167),
(621, '2018-09-09 00:00:00', 1, 1, 33),
(622, '2022-09-30 00:00:00', 1, 1, 60),
(623, '2022-08-23 00:00:00', 1, 1, 154),
(624, '2022-02-13 00:00:00', 1, 1, 207),
(625, '2022-04-20 00:00:00', 1, 1, 150),
(626, '2019-06-03 00:00:00', 1, 1, 198),
(627, '2021-09-15 00:00:00', 1, 1, 82),
(628, '2017-02-03 00:00:00', 1, 1, 202),
(629, '2017-05-02 00:00:00', 1, 1, 169),
(630, '2023-09-13 00:00:00', 1, 1, 194),
(631, '2018-02-07 00:00:00', 1, 1, 248),
(632, '2021-07-10 00:00:00', 1, 1, 126),
(633, '2020-09-29 00:00:00', 1, 1, 38),
(634, '2022-08-28 00:00:00', 1, 1, 15),
(635, '2019-09-04 00:00:00', 1, 1, 183),
(636, '2018-10-02 00:00:00', 1, 1, 38),
(637, '2017-11-04 00:00:00', 1, 1, 125),
(638, '2023-01-18 00:00:00', 1, 1, 58),
(639, '2015-11-14 00:00:00', 1, 1, 161),
(640, '2015-09-19 00:00:00', 1, 1, 166),
(641, '2016-01-03 00:00:00', 1, 1, 125),
(642, '2022-10-23 00:00:00', 1, 1, 38),
(643, '2017-05-02 00:00:00', 1, 1, 73),
(644, '2018-01-10 00:00:00', 1, 1, 89),
(645, '2017-07-23 00:00:00', 1, 1, 6),
(646, '2018-10-18 00:00:00', 1, 1, 210),
(647, '2021-03-02 00:00:00', 1, 1, 129),
(648, '2024-03-15 00:00:00', 1, 1, 118),
(649, '2019-01-04 00:00:00', 1, 1, 161),
(650, '2017-11-10 00:00:00', 1, 1, 20),
(651, '2015-09-06 00:00:00', 1, 1, 201),
(652, '2018-02-03 00:00:00', 1, 1, 166),
(653, '2022-10-26 00:00:00', 1, 1, 211),
(654, '2018-12-11 00:00:00', 1, 1, 172),
(655, '2022-03-10 00:00:00', 1, 1, 147),
(656, '2018-01-31 00:00:00', 1, 1, 245),
(657, '2016-11-25 00:00:00', 1, 1, 225),
(658, '2016-07-02 00:00:00', 1, 1, 206),
(659, '2018-02-09 00:00:00', 1, 1, 57),
(660, '2020-04-29 00:00:00', 1, 1, 61),
(661, '2019-07-02 00:00:00', 1, 1, 148),
(662, '2024-02-11 00:00:00', 1, 1, 90),
(663, '2021-02-25 00:00:00', 1, 1, 57),
(664, '2021-09-30 00:00:00', 1, 1, 20),
(665, '2023-02-19 00:00:00', 1, 1, 159),
(666, '2019-04-21 00:00:00', 1, 1, 4),
(667, '2022-06-06 00:00:00', 1, 1, 8),
(668, '2018-12-29 00:00:00', 1, 1, 51),
(669, '2019-05-30 00:00:00', 1, 1, 214),
(670, '2024-04-03 00:00:00', 1, 1, 32),
(671, '2020-01-01 00:00:00', 1, 1, 62),
(672, '2015-07-15 00:00:00', 1, 1, 52),
(673, '2017-03-31 00:00:00', 1, 1, 246),
(674, '2021-05-13 00:00:00', 1, 1, 108),
(675, '2022-03-17 00:00:00', 1, 1, 74),
(676, '2023-08-19 00:00:00', 1, 1, 106),
(677, '2017-09-02 00:00:00', 1, 1, 213),
(678, '2023-01-23 00:00:00', 1, 1, 94),
(679, '2019-09-01 00:00:00', 1, 1, 109),
(680, '2017-02-06 00:00:00', 1, 1, 239),
(681, '2023-04-12 00:00:00', 1, 1, 197),
(682, '2022-11-03 00:00:00', 1, 1, 145),
(683, '2018-11-20 00:00:00', 1, 1, 64),
(684, '2016-09-05 00:00:00', 1, 1, 209),
(685, '2023-01-09 00:00:00', 1, 1, 190),
(686, '2020-02-28 00:00:00', 1, 1, 102),
(687, '2021-03-28 00:00:00', 1, 1, 154),
(688, '2021-03-10 00:00:00', 1, 1, 124),
(689, '2017-09-23 00:00:00', 1, 1, 148),
(690, '2018-08-30 00:00:00', 1, 1, 250),
(691, '2016-07-30 00:00:00', 1, 1, 67),
(692, '2015-06-21 00:00:00', 1, 1, 231),
(693, '2016-07-02 00:00:00', 1, 1, 164),
(694, '2021-05-05 00:00:00', 1, 1, 207),
(695, '2016-04-23 00:00:00', 1, 1, 20),
(696, '2021-06-10 00:00:00', 1, 1, 94),
(697, '2015-09-16 00:00:00', 1, 1, 228),
(698, '2020-01-10 00:00:00', 1, 1, 236),
(699, '2018-10-05 00:00:00', 1, 1, 172),
(700, '2017-09-12 00:00:00', 1, 1, 237),
(701, '2023-12-08 00:00:00', 1, 1, 23),
(702, '2015-08-29 00:00:00', 1, 1, 38),
(703, '2018-12-29 00:00:00', 1, 1, 250),
(704, '2019-10-24 00:00:00', 1, 1, 211),
(705, '2016-06-18 00:00:00', 1, 1, 109),
(706, '2021-09-10 00:00:00', 1, 1, 42),
(707, '2017-01-07 00:00:00', 1, 1, 199),
(708, '2018-09-04 00:00:00', 1, 1, 49),
(709, '2015-09-24 00:00:00', 1, 1, 199),
(710, '2023-04-30 00:00:00', 1, 1, 231),
(711, '2017-12-08 00:00:00', 1, 1, 140),
(712, '2023-03-27 00:00:00', 1, 1, 35),
(713, '2021-10-24 00:00:00', 1, 1, 163),
(714, '2017-04-24 00:00:00', 1, 1, 239),
(715, '2017-10-17 00:00:00', 1, 1, 35),
(716, '2024-06-09 00:00:00', 1, 1, 219),
(717, '2018-05-04 00:00:00', 1, 1, 156),
(718, '2016-10-09 00:00:00', 1, 1, 192),
(719, '2018-01-17 00:00:00', 1, 1, 32),
(720, '2015-12-07 00:00:00', 1, 1, 235),
(721, '2023-05-25 00:00:00', 1, 1, 161),
(722, '2022-11-20 00:00:00', 1, 1, 8),
(723, '2021-07-31 00:00:00', 1, 1, 153),
(724, '2020-05-17 00:00:00', 1, 1, 164),
(725, '2024-02-01 00:00:00', 1, 1, 77),
(726, '2020-12-09 00:00:00', 1, 1, 136),
(727, '2018-12-11 00:00:00', 1, 1, 180),
(728, '2024-04-08 00:00:00', 1, 1, 250),
(729, '2018-05-12 00:00:00', 1, 1, 60),
(730, '2021-07-04 00:00:00', 1, 1, 152),
(731, '2017-04-21 00:00:00', 1, 1, 8),
(732, '2019-07-20 00:00:00', 1, 1, 30),
(733, '2016-04-21 00:00:00', 1, 1, 53),
(734, '2016-08-01 00:00:00', 1, 1, 204),
(735, '2024-01-20 00:00:00', 1, 1, 15),
(736, '2021-06-12 00:00:00', 1, 1, 30),
(737, '2018-04-12 00:00:00', 1, 1, 90),
(738, '2015-06-17 00:00:00', 1, 1, 32),
(739, '2023-08-16 00:00:00', 1, 1, 120),
(740, '2017-10-27 00:00:00', 1, 1, 1),
(741, '2018-06-25 00:00:00', 1, 1, 226),
(742, '2022-09-06 00:00:00', 1, 1, 215),
(743, '2016-11-01 00:00:00', 1, 1, 163),
(744, '2023-04-05 00:00:00', 1, 1, 232),
(745, '2016-07-13 00:00:00', 1, 1, 95),
(746, '2019-09-16 00:00:00', 1, 1, 137),
(747, '2023-11-13 00:00:00', 1, 1, 118),
(748, '2022-04-13 00:00:00', 1, 1, 77),
(749, '2016-11-30 00:00:00', 1, 1, 99),
(750, '2016-08-30 00:00:00', 1, 1, 194),
(751, '2015-08-14 00:00:00', 1, 1, 245),
(752, '2016-08-28 00:00:00', 1, 1, 44),
(753, '2016-10-22 00:00:00', 1, 1, 179),
(754, '2020-09-18 00:00:00', 1, 1, 52),
(755, '2017-01-28 00:00:00', 1, 1, 218),
(756, '2020-11-20 00:00:00', 1, 1, 7),
(757, '2017-10-22 00:00:00', 1, 1, 23),
(758, '2020-02-05 00:00:00', 1, 1, 40),
(759, '2016-09-24 00:00:00', 1, 1, 172),
(760, '2023-08-02 00:00:00', 1, 1, 39),
(761, '2017-10-27 00:00:00', 1, 1, 14),
(762, '2021-11-06 00:00:00', 1, 1, 2),
(763, '2015-06-07 00:00:00', 1, 1, 66),
(764, '2015-07-05 00:00:00', 1, 1, 54),
(765, '2020-11-22 00:00:00', 1, 1, 175),
(766, '2016-09-06 00:00:00', 1, 1, 228),
(767, '2017-10-19 00:00:00', 1, 1, 231),
(768, '2018-05-12 00:00:00', 1, 1, 123),
(769, '2018-01-27 00:00:00', 1, 1, 124),
(770, '2017-12-20 00:00:00', 1, 1, 247),
(771, '2020-11-20 00:00:00', 1, 1, 88),
(772, '2024-03-11 00:00:00', 1, 1, 26),
(773, '2022-04-27 00:00:00', 1, 1, 129),
(774, '2023-01-16 00:00:00', 1, 1, 164),
(775, '2022-04-08 00:00:00', 1, 1, 180),
(776, '2016-09-12 00:00:00', 1, 1, 171),
(777, '2018-01-12 00:00:00', 1, 1, 194),
(778, '2017-09-15 00:00:00', 1, 1, 55),
(779, '2018-10-29 00:00:00', 1, 1, 69),
(780, '2023-09-15 00:00:00', 1, 1, 183),
(781, '2017-05-17 00:00:00', 1, 1, 44),
(782, '2015-08-23 00:00:00', 1, 1, 79),
(783, '2018-06-09 00:00:00', 1, 1, 71),
(784, '2021-11-02 00:00:00', 1, 1, 166),
(785, '2019-02-09 00:00:00', 1, 1, 97),
(786, '2017-07-04 00:00:00', 1, 1, 177),
(787, '2018-11-26 00:00:00', 1, 1, 216),
(788, '2016-06-28 00:00:00', 1, 1, 192),
(789, '2018-10-29 00:00:00', 1, 1, 197),
(790, '2015-10-15 00:00:00', 1, 1, 218),
(791, '2016-11-26 00:00:00', 1, 1, 169),
(792, '2015-11-15 00:00:00', 1, 1, 79),
(793, '2022-03-04 00:00:00', 1, 1, 91),
(794, '2016-02-27 00:00:00', 1, 1, 220),
(795, '2020-02-05 00:00:00', 1, 1, 122),
(796, '2021-04-17 00:00:00', 1, 1, 211),
(797, '2021-08-11 00:00:00', 1, 1, 32),
(798, '2019-07-10 00:00:00', 1, 1, 72),
(799, '2022-10-05 00:00:00', 1, 1, 30),
(800, '2018-03-24 00:00:00', 1, 1, 246),
(801, '2015-06-01 00:00:00', 1, 1, 63),
(802, '2018-06-23 00:00:00', 1, 1, 204),
(803, '2023-08-11 00:00:00', 1, 1, 194),
(804, '2021-12-10 00:00:00', 1, 1, 85),
(805, '2019-11-03 00:00:00', 1, 1, 157),
(806, '2019-01-27 00:00:00', 1, 1, 73),
(807, '2016-02-29 00:00:00', 1, 1, 233),
(808, '2023-12-04 00:00:00', 1, 1, 116),
(809, '2022-03-30 00:00:00', 1, 1, 239),
(810, '2021-06-03 00:00:00', 1, 1, 224),
(811, '2016-12-10 00:00:00', 1, 1, 228),
(812, '2023-06-27 00:00:00', 1, 1, 121),
(813, '2016-07-10 00:00:00', 1, 1, 66),
(814, '2016-10-06 00:00:00', 1, 1, 211),
(815, '2018-09-09 00:00:00', 1, 1, 235),
(816, '2021-08-08 00:00:00', 1, 1, 64),
(817, '2023-12-27 00:00:00', 1, 1, 149),
(818, '2017-11-02 00:00:00', 1, 1, 93),
(819, '2016-07-09 00:00:00', 1, 1, 185),
(820, '2021-01-09 00:00:00', 1, 1, 177),
(821, '2017-01-24 00:00:00', 1, 1, 129),
(822, '2019-06-25 00:00:00', 1, 1, 189),
(823, '2021-12-26 00:00:00', 1, 1, 51),
(824, '2016-11-10 00:00:00', 1, 1, 61),
(825, '2024-01-28 00:00:00', 1, 1, 186),
(826, '2020-04-26 00:00:00', 1, 1, 206),
(827, '2021-09-11 00:00:00', 1, 1, 50),
(828, '2016-09-14 00:00:00', 1, 1, 125),
(829, '2019-11-17 00:00:00', 1, 1, 230),
(830, '2017-09-09 00:00:00', 1, 1, 9),
(831, '2016-06-21 00:00:00', 1, 1, 101),
(832, '2024-01-02 00:00:00', 1, 1, 55),
(833, '2015-06-07 00:00:00', 1, 1, 222),
(834, '2022-11-09 00:00:00', 1, 1, 134),
(835, '2016-02-18 00:00:00', 1, 1, 69),
(836, '2021-11-23 00:00:00', 1, 1, 243),
(837, '2017-01-27 00:00:00', 1, 1, 174),
(838, '2023-07-30 00:00:00', 1, 1, 77),
(839, '2023-05-15 00:00:00', 1, 1, 56),
(840, '2022-05-11 00:00:00', 1, 1, 175),
(841, '2024-03-25 00:00:00', 1, 1, 195),
(842, '2017-10-22 00:00:00', 1, 1, 242),
(843, '2016-09-12 00:00:00', 1, 1, 115),
(844, '2022-08-24 00:00:00', 1, 1, 50),
(845, '2018-12-18 00:00:00', 1, 1, 107),
(846, '2020-05-19 00:00:00', 1, 1, 37),
(847, '2015-11-18 00:00:00', 1, 1, 124),
(848, '2018-10-01 00:00:00', 1, 1, 119),
(849, '2023-08-09 00:00:00', 1, 1, 12),
(850, '2018-10-26 00:00:00', 1, 1, 234),
(851, '2020-12-01 00:00:00', 1, 1, 17),
(852, '2015-12-18 00:00:00', 1, 1, 97),
(853, '2024-05-11 00:00:00', 1, 1, 44),
(854, '2016-02-15 00:00:00', 1, 1, 202),
(855, '2022-12-19 00:00:00', 1, 1, 11),
(856, '2015-09-09 00:00:00', 1, 1, 18),
(857, '2023-10-28 00:00:00', 1, 1, 135),
(858, '2019-07-13 00:00:00', 1, 1, 87),
(859, '2021-08-17 00:00:00', 1, 1, 6),
(860, '2017-07-23 00:00:00', 1, 1, 11),
(861, '2015-10-23 00:00:00', 1, 1, 140),
(862, '2024-07-10 00:00:00', 1, 1, 85),
(863, '2015-06-12 00:00:00', 1, 1, 69),
(864, '2015-07-05 00:00:00', 1, 1, 229),
(865, '2019-03-09 00:00:00', 1, 1, 139),
(866, '2020-10-24 00:00:00', 1, 1, 96),
(867, '2024-03-11 00:00:00', 1, 1, 102),
(868, '2019-04-26 00:00:00', 1, 1, 177),
(869, '2023-07-07 00:00:00', 1, 1, 55),
(870, '2022-02-25 00:00:00', 1, 1, 93),
(871, '2020-07-09 00:00:00', 1, 1, 47),
(872, '2020-01-07 00:00:00', 1, 1, 133),
(873, '2019-01-17 00:00:00', 1, 1, 248),
(874, '2021-11-13 00:00:00', 1, 1, 20),
(875, '2022-06-19 00:00:00', 1, 1, 126),
(876, '2019-02-27 00:00:00', 1, 1, 15),
(877, '2015-11-22 00:00:00', 1, 1, 30),
(878, '2019-06-14 00:00:00', 1, 1, 127),
(879, '2019-12-07 00:00:00', 1, 1, 182),
(880, '2017-02-14 00:00:00', 1, 1, 29),
(881, '2021-09-26 00:00:00', 1, 1, 231),
(882, '2023-05-26 00:00:00', 1, 1, 82),
(883, '2024-01-04 00:00:00', 1, 1, 101),
(884, '2021-06-05 00:00:00', 1, 1, 113),
(885, '2016-11-14 00:00:00', 1, 1, 96),
(886, '2017-03-17 00:00:00', 1, 1, 65),
(887, '2024-06-05 00:00:00', 1, 1, 64),
(888, '2017-06-26 00:00:00', 1, 1, 65),
(889, '2020-07-03 00:00:00', 1, 1, 58),
(890, '2022-11-07 00:00:00', 1, 1, 74),
(891, '2017-02-07 00:00:00', 1, 1, 145),
(892, '2022-12-03 00:00:00', 1, 1, 25),
(893, '2018-12-22 00:00:00', 1, 1, 44),
(894, '2023-05-15 00:00:00', 1, 1, 24),
(895, '2019-07-22 00:00:00', 1, 1, 206),
(896, '2021-03-28 00:00:00', 1, 1, 142),
(897, '2023-09-10 00:00:00', 1, 1, 40),
(898, '2021-07-11 00:00:00', 1, 1, 176),
(899, '2018-10-24 00:00:00', 1, 1, 32),
(900, '2022-11-08 00:00:00', 1, 1, 67),
(901, '2019-09-20 00:00:00', 1, 1, 80),
(902, '2023-01-12 00:00:00', 1, 1, 181),
(903, '2016-08-26 00:00:00', 1, 1, 240),
(904, '2016-07-04 00:00:00', 1, 1, 92),
(905, '2017-06-09 00:00:00', 1, 1, 187),
(906, '2015-11-22 00:00:00', 1, 1, 10),
(907, '2023-04-24 00:00:00', 1, 1, 101),
(908, '2023-02-05 00:00:00', 1, 1, 105),
(909, '2016-04-15 00:00:00', 1, 1, 85),
(910, '2023-09-04 00:00:00', 1, 1, 222),
(911, '2023-08-28 00:00:00', 1, 1, 234),
(912, '2018-06-01 00:00:00', 1, 1, 24),
(913, '2017-06-12 00:00:00', 1, 1, 219),
(914, '2018-10-27 00:00:00', 1, 1, 43),
(915, '2021-10-24 00:00:00', 1, 1, 53),
(916, '2024-03-21 00:00:00', 1, 1, 50),
(917, '2016-09-24 00:00:00', 1, 1, 193),
(918, '2018-04-25 00:00:00', 1, 1, 20),
(919, '2019-03-26 00:00:00', 1, 1, 164),
(920, '2016-06-04 00:00:00', 1, 1, 221),
(921, '2018-08-26 00:00:00', 1, 1, 3),
(922, '2015-12-16 00:00:00', 1, 1, 132),
(923, '2021-01-07 00:00:00', 1, 1, 87),
(924, '2023-10-10 00:00:00', 1, 1, 136),
(925, '2021-09-05 00:00:00', 1, 1, 212),
(926, '2018-05-06 00:00:00', 1, 1, 143),
(927, '2021-12-29 00:00:00', 1, 1, 169),
(928, '2016-01-24 00:00:00', 1, 1, 104),
(929, '2016-06-22 00:00:00', 1, 1, 88),
(930, '2023-06-01 00:00:00', 1, 1, 37),
(931, '2017-06-21 00:00:00', 1, 1, 241),
(932, '2024-07-18 00:00:00', 1, 1, 47),
(933, '2020-08-18 00:00:00', 1, 1, 103),
(934, '2019-02-05 00:00:00', 1, 1, 110),
(935, '2022-03-28 00:00:00', 1, 1, 98),
(936, '2016-08-08 00:00:00', 1, 1, 68),
(937, '2019-01-19 00:00:00', 1, 1, 227),
(938, '2021-08-14 00:00:00', 1, 1, 5),
(939, '2016-09-24 00:00:00', 1, 1, 36),
(940, '2022-07-27 00:00:00', 1, 1, 235),
(941, '2020-02-16 00:00:00', 1, 1, 30),
(942, '2020-05-16 00:00:00', 1, 1, 15),
(943, '2016-05-01 00:00:00', 1, 1, 239),
(944, '2019-07-02 00:00:00', 1, 1, 156),
(945, '2019-07-06 00:00:00', 1, 1, 222),
(946, '2023-01-21 00:00:00', 1, 1, 107),
(947, '2024-03-04 00:00:00', 1, 1, 94),
(948, '2017-07-28 00:00:00', 1, 1, 16),
(949, '2022-01-29 00:00:00', 1, 1, 146),
(950, '2020-02-24 00:00:00', 1, 1, 215),
(951, '2019-10-17 00:00:00', 1, 1, 123),
(952, '2020-07-17 00:00:00', 1, 1, 84),
(953, '2021-02-21 00:00:00', 1, 1, 181),
(954, '2023-08-21 00:00:00', 1, 1, 65),
(955, '2021-03-06 00:00:00', 1, 1, 11),
(956, '2020-10-22 00:00:00', 1, 1, 155),
(957, '2023-03-22 00:00:00', 1, 1, 137),
(958, '2019-09-11 00:00:00', 1, 1, 137),
(959, '2017-12-06 00:00:00', 1, 1, 101),
(960, '2017-02-16 00:00:00', 1, 1, 158),
(961, '2018-06-25 00:00:00', 1, 1, 134),
(962, '2018-10-19 00:00:00', 1, 1, 3),
(963, '2023-09-15 00:00:00', 1, 1, 96),
(964, '2015-09-19 00:00:00', 1, 1, 15),
(965, '2020-01-22 00:00:00', 1, 1, 188),
(966, '2015-08-23 00:00:00', 1, 1, 125),
(967, '2016-11-03 00:00:00', 1, 1, 125),
(968, '2015-12-05 00:00:00', 1, 1, 62),
(969, '2021-04-06 00:00:00', 1, 1, 220),
(970, '2016-05-01 00:00:00', 1, 1, 182),
(971, '2021-12-06 00:00:00', 1, 1, 231),
(972, '2023-01-12 00:00:00', 1, 1, 117),
(973, '2022-09-30 00:00:00', 1, 1, 202),
(974, '2022-09-18 00:00:00', 1, 1, 15),
(975, '2020-05-30 00:00:00', 1, 1, 24),
(976, '2018-08-11 00:00:00', 1, 1, 23),
(977, '2023-10-07 00:00:00', 1, 1, 20),
(978, '2016-05-29 00:00:00', 1, 1, 35),
(979, '2021-07-17 00:00:00', 1, 1, 159),
(980, '2024-05-10 00:00:00', 1, 1, 224),
(981, '2018-07-03 00:00:00', 1, 1, 107),
(982, '2018-07-06 00:00:00', 1, 1, 89),
(983, '2023-04-03 00:00:00', 1, 1, 221),
(984, '2018-09-15 00:00:00', 1, 1, 158),
(985, '2015-08-21 00:00:00', 1, 1, 132),
(986, '2017-11-27 00:00:00', 1, 1, 118),
(987, '2019-05-31 00:00:00', 1, 1, 110),
(988, '2019-01-18 00:00:00', 1, 1, 138),
(989, '2023-09-06 00:00:00', 1, 1, 46),
(990, '2019-07-24 00:00:00', 1, 1, 93),
(991, '2024-04-16 00:00:00', 1, 1, 126),
(992, '2022-11-07 00:00:00', 1, 1, 185),
(993, '2023-08-22 00:00:00', 1, 1, 165),
(994, '2018-05-20 00:00:00', 1, 1, 95),
(995, '2017-10-19 00:00:00', 1, 1, 158),
(996, '2023-02-17 00:00:00', 1, 1, 183),
(997, '2018-06-04 00:00:00', 1, 1, 89),
(998, '2015-12-30 00:00:00', 1, 1, 242),
(999, '2020-09-16 00:00:00', 1, 1, 55),
(1000, '2019-09-09 00:00:00', 1, 1, 191),
(1001, '2024-07-30 00:00:00', 1, 1, 1);

-- --------------------------------------------------------

--
-- Structure de la table `update_price`
--

CREATE TABLE `update_price` (
  `id_update_price` int UNSIGNED NOT NULL,
  `date_` date NOT NULL,
  `new_price` decimal(15,1) NOT NULL,
  `id_product` int UNSIGNED NOT NULL
) ENGINE=InnoDB DEFAULT CHARSET=utf8mb4 COLLATE=utf8mb4_0900_ai_ci;

--
-- Index pour les tables déchargées
--

--
-- Index pour la table `category`
--
ALTER TABLE `category`
  ADD PRIMARY KEY (`id_category`);

--
-- Index pour la table `client`
--
ALTER TABLE `client`
  ADD PRIMARY KEY (`id_client`),
  ADD UNIQUE KEY `email` (`email`);

--
-- Index pour la table `product`
--
ALTER TABLE `product`
  ADD PRIMARY KEY (`id_product`),
  ADD KEY `id_tax` (`id_tax`),
  ADD KEY `id_category` (`id_category`);

--
-- Index pour la table `reward`
--
ALTER TABLE `reward`
  ADD PRIMARY KEY (`id_reward`);

--
-- Index pour la table `sales`
--
ALTER TABLE `sales`
  ADD PRIMARY KEY (`id_product`,`id_ticket`),
  ADD KEY `id_ticket` (`id_ticket`);

--
-- Index pour la table `seller`
--
ALTER TABLE `seller`
  ADD PRIMARY KEY (`id_seller`),
  ADD UNIQUE KEY `seller_name` (`seller_name`);

--
-- Index pour la table `tax`
--
ALTER TABLE `tax`
  ADD PRIMARY KEY (`id_tax`);

--
-- Index pour la table `ticket`
--
ALTER TABLE `ticket`
  ADD PRIMARY KEY (`id_ticket`),
  ADD KEY `id_users` (`id_seller`),
  ADD KEY `id_reward` (`id_reward`),
  ADD KEY `id_client` (`id_client`);

--
-- Index pour la table `update_price`
--
ALTER TABLE `update_price`
  ADD PRIMARY KEY (`id_update_price`),
  ADD KEY `id_product` (`id_product`);

--
-- AUTO_INCREMENT pour les tables déchargées
--

--
-- AUTO_INCREMENT pour la table `category`
--
ALTER TABLE `category`
  MODIFY `id_category` int UNSIGNED NOT NULL AUTO_INCREMENT, AUTO_INCREMENT=13;

--
-- AUTO_INCREMENT pour la table `client`
--
ALTER TABLE `client`
  MODIFY `id_client` int UNSIGNED NOT NULL AUTO_INCREMENT, AUTO_INCREMENT=251;

--
-- AUTO_INCREMENT pour la table `product`
--
ALTER TABLE `product`
  MODIFY `id_product` int UNSIGNED NOT NULL AUTO_INCREMENT, AUTO_INCREMENT=25;

--
-- AUTO_INCREMENT pour la table `reward`
--
ALTER TABLE `reward`
  MODIFY `id_reward` int UNSIGNED NOT NULL AUTO_INCREMENT, AUTO_INCREMENT=2;

--
-- AUTO_INCREMENT pour la table `seller`
--
ALTER TABLE `seller`
  MODIFY `id_seller` int UNSIGNED NOT NULL AUTO_INCREMENT, AUTO_INCREMENT=2;

--
-- AUTO_INCREMENT pour la table `tax`
--
ALTER TABLE `tax`
  MODIFY `id_tax` int UNSIGNED NOT NULL AUTO_INCREMENT, AUTO_INCREMENT=2;

--
-- AUTO_INCREMENT pour la table `ticket`
--
ALTER TABLE `ticket`
  MODIFY `id_ticket` int UNSIGNED NOT NULL AUTO_INCREMENT, AUTO_INCREMENT=1002;

--
-- AUTO_INCREMENT pour la table `update_price`
--
ALTER TABLE `update_price`
  MODIFY `id_update_price` int UNSIGNED NOT NULL AUTO_INCREMENT;

--
-- Contraintes pour les tables déchargées
--

--
-- Contraintes pour la table `product`
--
ALTER TABLE `product`
  ADD CONSTRAINT `product_ibfk_1` FOREIGN KEY (`id_tax`) REFERENCES `tax` (`id_tax`),
  ADD CONSTRAINT `product_ibfk_2` FOREIGN KEY (`id_category`) REFERENCES `category` (`id_category`);

--
-- Contraintes pour la table `sales`
--
ALTER TABLE `sales`
  ADD CONSTRAINT `sales_ibfk_1` FOREIGN KEY (`id_product`) REFERENCES `product` (`id_product`),
  ADD CONSTRAINT `sales_ibfk_2` FOREIGN KEY (`id_ticket`) REFERENCES `ticket` (`id_ticket`);

--
-- Contraintes pour la table `ticket`
--
ALTER TABLE `ticket`
  ADD CONSTRAINT `ticket_ibfk_1` FOREIGN KEY (`id_seller`) REFERENCES `seller` (`id_seller`),
  ADD CONSTRAINT `ticket_ibfk_2` FOREIGN KEY (`id_reward`) REFERENCES `reward` (`id_reward`),
  ADD CONSTRAINT `ticket_ibfk_3` FOREIGN KEY (`id_client`) REFERENCES `client` (`id_client`);

--
-- Contraintes pour la table `update_price`
--
ALTER TABLE `update_price`
  ADD CONSTRAINT `update_price_ibfk_1` FOREIGN KEY (`id_product`) REFERENCES `product` (`id_product`);
COMMIT;

/*!40101 SET CHARACTER_SET_CLIENT=@OLD_CHARACTER_SET_CLIENT */;
/*!40101 SET CHARACTER_SET_RESULTS=@OLD_CHARACTER_SET_RESULTS */;
/*!40101 SET COLLATION_CONNECTION=@OLD_COLLATION_CONNECTION */;
